,model,disparity_function,COVID-19 Vaccine Approval,Chat GPT launch,Elon Musk's Twitter acquisition,Russia's invasion of Ukraine,SVB Collapse
0,finbert_sentiment,conflict_index,0.6548301690054359,0.9473551305321356,0.6809807680547237,0.6453213951048943,0.46521681060160824
1,finbert_sentiment,range_dispersion,0.9227598747238517,0.6969067431055009,0.7017892366275191,0.8510335455648601,0.6084573266562074
2,finbert_sentiment,std_dispersion,0.4131075439864386,0.296698412910623,0.4684796770259683,0.4774147697220118,0.3991778726185454
3,gemini_collective_sentiment,conflict_index,0.72390625,0.8870370370370371,0.9114705882352941,0.5496153846153846,0.5375000000000001
4,gemini_collective_sentiment,range_dispersion,0.8,0.525,0.45,0.515,0.795
5,gemini_collective_sentiment,std_dispersion,0.3663603382749523,0.34496177796661404,0.2462260123036315,0.3152347204767946,0.43521307042259966
6,gemini_individual_sentiment,conflict_index,0.79125,0.9316666666666666,0.9416176470588236,0.6878846153846154,0.5175000000000001
7,gemini_individual_sentiment,range_dispersion,0.55,0.15,0.25,0.4,0.5874999999999999
8,gemini_individual_sentiment,std_dispersion,0.3047027239786346,0.11196064123246698,0.10511702573962993,0.19076351185596604,0.24452760580351662
