headline,gemini_collective_sentiment
Russia-Ukraine crisis: How likely is it to escalate into broader war?,
Insight: NATO leaves Black Sea exposed as Russia invades Ukraine,
Mondelez CEO says will close plants in Ukraine if situation becomes 'too dangerous',
"Russia has launched full-scale invasion of Ukraine, Kyiv says",
Ukraine conflict: Russian forces attack from three sides,
"Ukraine conflict world reaction: Sanctions, refugees and fears of war",
Ukraine conflict: Why Biden won't send troops to Ukraine,
"Russia attack on Ukraine catastrophe for Europe, say Boris Johnson",
"Ukraine and Russia 'war': Nigeria, Ghana students dey in 'panic mode' afta Vladimir Putin order military operation",
Russia Begins Military Operation in Ukraine,
Ukraine Invasion Is Putin’s Most Aggressive Move Yet to Restore Russia’s Place in the World,
War on Ukraine Ends Europe’s Dream of Russia as a Friend,
Oil Prices Surge Above $100 a Barrel After Russia Invades Ukraine,
Activist Thunberg protests against Ukraine invasion outside Russian embassy in Stockholm,
Investors rush to money market funds in days before Russia's Ukraine invasion,
Canadian liquor stores remove Russian vodka from shelves after Ukraine invasion,
Philip Morris suspends Ukraine operations after Russian invasion,
Russian forces tighten hold on Kyiv in attempt to topple government,
Ukrainian Capital Rocked by Explosions as Russia Intensifies Attack,
"Mockery of West, Warnings to Taiwan Fill Chinese Social Media After Ukraine Invasion",
Ukraine invasion: Russia restricts social media access,
Millions in Bitcoin pouring into Ukraine from donors,
Explosions and gunfire across Kyiv during Russian night assault – video,
Russian Forces Close In on Ukraine’s Capital as Kyiv Prepares to Fight,
Pakistan’s Leader Went Ahead With Russia Visit Despite Push to Isolate Putin Over Ukraine,
Musk says Starlink active in Ukraine as Russian invasion disrupts internet,
